ï»¿SNO,STORE_NAME,STORE_LOCATION,ORGANIC_CATEGORY,PRODUCT_NAME,PACK_SIZE,PRICE,SALES_MODE,ONLINE_CHANNEL,PROOF_LINK,SALES_INDICATOR
1,Prakruthivanam,"Chanda nagar",Oils,"Groundnut Oil",500ml,220,Hybrid,"Official Website",https://www.prakruthivanamrootsorganicsstore.in/shop/COOKINGOIL%26GHEE?cid=5996447,"NOT SPECIFIED"
2,"Palem Organics",Kondapur,Oils,"Castor Oil",500ml,200,Hybrid,"Official Website",https://palemorganics.in/product/castor-oil/,"NOT SPECIFIED"
3,"Karshaka Naturals",Miyapur,Millets,"Ragi Java ",500g,89,Hybrid,"Official Website",https://karshakanaturals.com/products/67dc04bc86a4fd005b6faaef,"NOT SPECIFIED"
4,"Nature Choice","Alwyn coloyn",Oils,"Badam Oil",100ml,299,Hybrid,"Official Website",https://naturechoice.in/product/badam-oil/,FEATURED
5,"Back to Roots Organic Store",Kondapur,Pulses,"Organic Roasted Channa Dal ",200gm,84,Hybrid,"Official Website",https://www.backtorootsorganicstore.com/products/pro-nature-organic-roasted-channa-dal-200-gmrs,"NOT SPECIFIED"
6,"Daman Organic","Banjara Hills","Rice ","Single Polished Rice",1kg,119,Hybrid,"Official Website",https://www.damanorganic.com/product/Org.%20SM%20Single%20Polished%20Rice/689d8a3a1670ef0002c02f5f,"SPECIFIED TOP SELLER"
7,"Palem Organics",Kondapur,Spices,"Black Pepper Powder",1pkt,55,Hybrid,"Official Website",https://palemorganics.in/product/black-pepper-powder/,"NOT SPECIFIED"
8,Prakruthivanam,"Chanda nagar",Pulses,"Black Gram ",500gm,130,Hybrid,"Official Website",https://www.prakruthivanamrootsorganicsstore.in/shop/DAL%26PULSES?cid=2903724,FEATURED
9,"Palem Organics",Kondapur,Honey,"Ajwain Honey",500gm,530,Hybrid,"Official Website",https://palemorganics.in/product/ajwain-honey/,FEATURED
10,"Nature Choice","Alwyn coloyn",Jaggery,"Jaggery Powder",400gm,229,Hybrid,"Official Website",https://naturechoice.in/product/palm-jaggery-powder/,"NOT SPECIFIED"
11,"Back to Roots Organic Store",Kondapur,Spices," Coconut Powder",250gm,250,Hybrid,"Official Website",https://www.backtorootsorganicstore.com/products/pure-n-sure-organic-desiccated-coconut-powder-250-grms,"NOT SPECIFIED"
12,Prakruthivanam,"Chanda nagar",Honey,"Raw Honey ",500g,240,Hybrid,"Official Website",https://www.prakruthivanamrootsorganicsstore.in/shop/HONEY?cid=2898681,"NOT SPECIFIED"
13,"Karshaka Naturals",Miyapur,"Rice ","Basmati Rice",1kg,165,Hybrid,"Official Website",http://karshakanaturals.com/products/646c6afc4eefa0c73407862d,"NOT SPECIFIED"
14,"Daman Organic","Banjara Hills",Oils,"Sunflower Oil",1ltr,525,Hybrid,"Official Website",https://www.damanorganic.com/product/Org%20Sunflower%20Oil/68bc8bef03b8a600025a4356,FEATURED
15,"Back to Roots Organic Store",Kondapur,Oils,"Groundnut Oil",1ltr,499,Hybrid,"Official Website",https://www.backtorootsorganicstore.com/products/pusht-organic-cold-pressed-groundnut-oil-1-ltr,"NOT SPECIFIED"
16,Prakruthivanam,"Chanda nagar","Rice ","Basmati Rice",1kg,240,Hybrid,"Official Website",https://www.prakruthivanamrootsorganicsstore.in/shop/RICE%26RICEPRODUCTS?cid=2901760,"NOT SPECIFIED"
17,"Karshaka Naturals",Miyapur,Pulses,Wheat,1kg,385,Hybrid,"Official Website",https://karshakanaturals.com/products/646c6afc4eefa0c734078613,"NOT SPECIFIED"
18,"Nature Choice","Alwyn coloyn",Ghee,"Cow Cultured Ghee",1kg,1880,Hybrid,"Official Website",https://naturechoice.in/product/desi-cow-ghee-premium/,"NOT SPECIFIED"
19,"Daman Organic","Banjara Hills",Jaggery,"Jaggery ",1pc,130,Hybrid,"Official Website",https://www.damanorganic.com/product/Org.%20Jaggery/68d1c43b28aa31000244d134,FEATURED
20,Prakruthivanam,"Chanda nagar",Pulses,Wheat,1kg,95,Hybrid,"Official Website",https://www.prakruthivanamrootsorganicsstore.in/shop/RICE%26RICEPRODUCTS?cid=2901760,"NOT SPECIFIED"
21,"Back to Roots Organic Store",Kondapur,Flour,"Refined Wheat Flour",500gm,86,Hybrid,"Official Website",https://www.backtorootsorganicstore.com/products/pro-nature-organic-refined-wheat-flour-maida-500-grms,"NOT SPECIFIED"
22,"Daman Organic","Banjara Hills","Dairy products"," A2 GirCow Milk",500ml,85,Hybrid,"Official Website",https://www.damanorganic.com/product/A2%20Gir%20Cow%20Milk/68c2a9c22fdd6700022203c5,FEATURED
23,"Nature Choice","Alwyn coloyn",Millets,"Browntop Millet Rava",500gm,185,Hybrid,"Official Website",https://naturechoice.in/product/browntop-millet-rava/,"SPECIFIED TOP SELLER"
24,"Karshaka Naturals",Miyapur,"Rice ","Indrani Rice",1kg,145,Hybrid,"Official Website",https://karshakanaturals.com/products/67dbe935a8c098e9fadec9f0,"NOT SPECIFIED"
25,Prakruthivanam,"Chanda nagar","Dry Fruits & Nuts","Black KismisÂ ",250g,175,Hybrid,"Official Website",https://www.prakruthivanamrootsorganicsstore.in/shop/DRYFRUITS%26NUTS?cid=3278365,"NOT SPECIFIED"
26,"Palem Organics",Kondapur,Spices,"Amla Powder",1pc,70,Hybrid,"Official Website",https://palemorganics.in/product/amla-powder/,"NOT SPECIFIED"
27,"Daman Organic","Banjara Hills",Flour,"Wheat Flour","1 Kg",195,Hybrid,"Official Website",https://www.damanorganic.com/product/Org.%20Khapli%20Wheat%20Flour/68d1c11bcf6af4000241f63c,FEATURED
28,"Karshaka Naturals",Miyapur,Millets,"Organic Korralu (Foxtail Millets)",500gm,96,Hybrid,"Official Website",https://karshakanaturals.com/products/646c6afc4eefa0c7340785b5,FEATURED
29,Prakruthivanam,"Chanda nagar",Oils,"coconut oil",250ml,220,Hybrid,"Official Website",https://www.prakruthivanamrootsorganicsstore.in/shop/COOKINGOIL%26GHEE?cid=5996447,FEATURED
30,"Daman Organic","Banjara Hills","Rice ","Sonamasuri White Rice",1kg,119,Hybrid,"Official Website",https://www.damanorganic.com/product/Org.%20Sonamasuri%20White%20Rice/689caafee019f70002d8f618,FEATURED
